"tolower.new.tables.","nc"
"idcr_martinez_2023_numseries",2
"ccapsvtskhpacr_mercedes_2023_physical",2
"lessr_mach4",6
"movac_pakpour2022",7
"sabfi2_gallardo_pujol_2018_inthapp",5
"phq_insomnia_wang2025",4
"science_ltm",4
"pass_vangsness_2019",5
"gilbert_meta_17",2
"pks_probability",2
"enem_2019_1mil_cn",2
"mobility",2
"singh_2025_identity_pia",5
"pisa2015_science",5
"teq_novak_2021_spirit",6
"idcr_martinez_2023_ps",2
"paampsmartsud_saba_2023_attendance",2
"pemaiw_qiu_2020_swls",7
"imos_2011",8
"polca_values",2
"enem_2016_1mil_ch",2
"os_tbmwtfs_schubert_2023_acs",4
"oxfordcovid_xue_2024_mfq",6
"genpsych_russell_2024_llama3",5
"criticalperiod_syntax",2
"ecps_sahm_2024_distrust",7
"enem_2022_1mil_lc",2
"pisa2009_science",3
"depression_hymcohort_tang2022",5
"pemaiw_qiu_2020_dass",4
"big5_sirt",3
"iowa_gambling_task",4
"mpsycho_youthdep",3
"short_dark_triad",5
"gilbert_meta_9",2
"cdm_timss03",2
"genpsych_russell_2024_gemma",5
"oxfordcovid_xue_2024_school",8
"broadband_inventories",7
"tdri",2
"pechorro_impulsivity_2021_ypitris",4
"psychotools_gratitude",9
"gender_roles",5
"duolingo_es_en__reverse_tap",2
"threatperceptions_isler_2024_experiment2_cognitive_crt",4
"promispme_forrest_2021_strength_children",5
"gilbert_meta_1",2
"imos_2001",8
"pppssapis_figlova_2021_pss10",5
"pisa2006_read",3
"ipip_openpsychometrics_sc",5
"pass20_klosowska_2025_dass_online",4
"mgkt",11
"ecps_sahm_2024_identity",7
"fedsp_trzcinska_2023_smsd",4
"gilbert_meta_77",2
"gilbert_meta_37",2
"gilbert_meta_45",7
"bpaq_christopher_2024_promis",5
"cure_data",7
"pechorro_impulsivity_2021_rpq",3
"erf_breuer_2017_frmmc",2
"eoaq-est_silveira_2024",5
"promispme_forrest_2021_ls_proxy",5
"imos_1985",8
"singh_2025_identity_pds",6
"project_kids_told_grade",2
"coach_chen_2022_adl",4
"enem_2018_1mil_lc",2
"ijls_eersel_2024_anxiety",4
"swmd_mokken",5
"promis1wave1_fatigue",5
"pisa2009_read",3
"promis1wave1_physicalfunction",5
"ewas_sanford_2024",7
"frac20",2
"dumas_organisciak_2022",5
"promispme_forrest_2021_physical_children",6
"imos_2000",8
"psr-p_scale_intimacy_hakim_2018_study2_psr",7
"pisa2000_math",3
"mhscdc_fried_2020_smartphone",7
"idcr_martinez_2023_story_recall_2",2
"paampsmartsud_saba_2023_ffmq",5
"enem_2022_1mil_cn",2
"pisa2006_math",3
"sas_deters_2022",2
"brand_raffaelli_2024_liking_24",7
"bfi_goldberg_1992_agreeableness",5
"coach_chen_2022_sns",6
"much_tte_2025_currentmotivation",101
"mft_validationandreplication",5
"si09_sirt",7
"envirisk_lalot_2025",11
"verbagg",2
"brand_raffaelli_2024_liking_20",7
"rrca_mcneish_2025_exp",4
"rrca_mcneish_2025_bdi",4
"emsc_kuan-chin_2023",5
"pescbcsce_novak_2020_spirit",7
"pmt_trzcinska_2023_mvs",5
"enem_2018_1mil_ch",2
"teq_novak_2021_bfin",5
"pescbcsce_novak_2020_scbcs",7
"cv_oasis_odsis_ppe_novak_2020_panas",5
"gilbert_meta_20",2
"genpsych_russell_2024_gpt3_5",5
"teq_novak_2021_scbs",7
"gilbert_meta_81",2
"alsecypiamh_wu_2022_swls",7
"scs_lopez_2015",5
"duolingo_fr_en__reverse_tap",2
"gilbert_meta_34",4
"resistance",6
"pisa2012_science",3
"prepadherence_zissette_2021",6
"dvivdtws_ppmial_marcatto_2023_ocs",5
"dart_brysbaert_2020_1",2
"duolingo_fr_en__listen",2
"project_kids_wj_spell_wave",2
"iat_poverty",5
"pmt_trzcinska_2023_pmt",2
"mturkddm_recognition",2
"imos_1989",8
"neurips_2020",5
"fictionexposure_wimmer",2
"gilbert_meta_97",6
"sris_silvia2022",7
"promispme_forrest_2021_ls_children",5
"wmi_rot_han",6
"prcpsffmq_lecuona_2017",5
"idcr_martinez_2023_raco",2
"dbdifdm_puga_2021",4
"facit_yount_2021_limitations",4
"cdm_mentalhealth_tan_2023_rapi",5
"imos_1994",8
"gilbert_meta_69",2
"gilbert_meta_41",2
"ravens_deboeck2012",2
"ecps_sahm_2024_sscd",7
"apfcompact_ptacek_2024_dass-21",4
"mefsirodgas_nileksela_2023_freq",5
"mpsycho_wilmer",2
"fivpei_perrig_2023_pxi",7
"fgsis_berzeviczy_2018",5
"pisa2015_read",3
"deception_game",79
"dsgi_brinkmann_2022",6
"fcupanas_cffsdas_reyna_2018",5
"imos_1995",8
"enem_2015_1mil_cn",2
"gilbert_meta_74",2
"rosenberg_fadplus_goto2021",4
"ppsrs_caliciuri_2024",2
"gilbert_meta_71",2
"gilbert_meta_95",63
"threatperceptions_isler_2024_experiment4_cognitive_panas",5
"enem_2021_1mil_lc",2
"project_kids_wj_wa_grade",2
"pisa2022_science",3
"oxfordcovid_xue_2024_brs",5
"gilbert_meta_7",2
"cse_bayazit_2022",5
"ffm_opn",5
"spqvs_barnby_2017_who",6
"scs_suh_2023_bfne",5
"vcism_polish_trzcinska_2023",4
"alcoholresearch_sumscore",2
"hypersensitive_narcissism",5
"orev_bohn2024",2
"shu_2025_translation_pgv",9
"much_tte_2025_effort",4
"project_kids_topel",2
"gilbert_meta_61",4
"fractals_rating",7
"singh_2025_identity_irs",5
"shu_2025_translation_srt",9
"ssd12_habib_2025",5
"pass20_klosowska_2025_staix_online",4
"non_parametric_mixture_modeling_exp1_cleaned",2
"much_tte_2025_concentrationtask",2
"gilbert_meta_65",5
"ml_harper_2015",10
"spqvs_barnby_2017_dse",6
"preschool_sel_box",2
"paampsmartsud_saba_2023_pss",5
"threatperceptions_isler_2024_experiment1_cognitive_panas",5
"bhs_floreskanter2021",5
"4thgrade_math_sirt",2
"duolingo_es_en__reverse_translate",2
"afps_vangsness_2019",5
"mhscdc_fried_2020_loneliness",5
"hexaco_ashton_2014_e",7
"shu_2025_translation_add",5
"os_tbmwtfs_schubert_2023_maas",6
"chess_lnirt",2
"cub_relgoods",10
"idcr_martinez_2023_analogies",2
"sem_cnes",4
"polca_cheating",2
"narcissistic_personality_inventory",2
"sabers_vesper2023",5
"feardriving_fisher2021",5
"namprb_siwiak_2024_gcbs",5
"loneliness_mudfold",3
"gilbert_meta_78",2
"vocab_assessment_3_to_8_year_old_children",2
"kteem_schoen_2019-2022",2
"ccapsvtskhpacr_mercedes_2023_sf",5
"enem_2013_1mil_cn",2
"gilbert_meta_47",2
"gilbert_meta_48",5
"ecps_sahm_2024_dtl",7
"pemaiw_qiu_2020_meq",6
"mpsycho_ceaq",3
"imos_1987",8
"geography",2
"oxfordcovid_xue_2024_gad",4
"os_tbmwtfs_schubert_2023_ipip",5
"oxfordcovid_xue_2024_pas",5
"gilbert_meta_13",2
"gilbert_meta_6",2
"lsat",2
"faces_spanish_vegas_2022_fss",5
"pbs_surrain_2019_pob",6
"threatperceptions_isler_2024_experiment2_picture_panas",5
"mhscdc_fried_2020_conscientiousness",5
"bpaq_christopher_2024_obsi",4
"bpaq_christopher_2024_scss",5
"aomt_br_sf_edpanab_geiger_2021_brs",5
"pisa2003_read",3
"evpromisi_stone_2021_cdiag",3
"fivpei_perrig_2023_attdiff",7
"psychtools_sai",4
"alcoholstroop_jones2024",2
"mpsycho_rwdq",2
"gilbert_meta_22",4
"anxiety_gastro_symptoms",5
"cavalini_mokken",4
"enem_2020_1mil_mt",2
"sv-maia2_randelovic_2021_hexaco60",5
"os_tbmwtfs_schubert_2023_dmw",7
"previc_bohn2023",2
"gilbert_meta_90",2
"socialstereotype_hughes_2025_personality_other",5
"bpaq_christopher_2024_pss10",5
"florida_twins_par",39
"fullscaleiq_mentalrotation",11
"nomt_hooper_2024_study1",2
"evpromisi_stone_2021_ddeddep",5
"psychtools_blot",2
"mhscdc_fried_2020_dass",5
"socialstereotype_hughes_2025_judgement",11
"ecps_sahm_2024_stress",5
"parental_text_intervention",9
"heard_roch_2022_k6",5
"rdatasets_gssabortion",2
"sabfi2_gallardo_pujol_2018_honest",5
"mpsycho_rogers_adolescent",5
"enem_2019_1mil_lc",2
"sv-maia2_randelovic_2021_erq",5
"koreannursing_park_2017",2
"mpsycho_wilpat",3
"oxfordcovid_xue_2024_bfi",7
"sned_bendall_2024",10
"sf12_mlcirtwithin",5
"coach_chen_2022_mos_sss_c",5
"hpwt_bayona_2025_jobsatisfaction",5
"close_relationships",5
"balance_mokken",2
"pisa2003_science",3
"spqvs_barnby_2017_oeq",4
"sbd_smith_2020",11
"gilbert_meta_86",6
"oxfordcovid_xue_2024_at",6
"bafacalo_golino_2013_sms",2
"pisa2018_math",3
"osce_hejri_2017",5
"fad_fadplus_goto2021",5
"gilbert_meta_2",2
"sv-maia2_randelovic_2021_hexaco100",5
"gilbert_meta_73",2
"promispme_forrest_2021_family_children",5
"ccapsvtskhpacr_mercedes_2023_tsk",4
"dmct_addis_2020_suis",5
"polca_election",4
"bfi_goldberg_1992_openness_to_experience",5
"pass20_klosowska_2025_pass_online",6
"project_kids_told_wave",2
"sv-maia2_randelovic_2021_maas",6
"fh_okcsr_roos_2022_study2_feeling_heard",9
"preschool_sel_emt",2
"novelobjectmatching",2
"aspirations_sonmez_2022",7
"nonverbal_immediacy",8
"mhscdc_fried_2020_se",4
"christiannationalism_davis2021",5
"sabfi2_gallardo_pujol_2018_religionscale",5
"environment_ltm",3
"florida_twins_behavior_rcads",4
"adherence_zissette_2018_sdb",6
"concretewords",5
"psychtools_epi",2
"realpic_souza2021",968
"pass20_klosowska_2025_csq_online",7
"idcr_martinez_2023_story_recall_3",2
"erf_breuer_2017_dosp",5
"fad_dataset2",5
"duolingo_fr_en__reverse_translate",2
"pact_project",8
"psr-p_scale_intimacy_hakim_2018_study2_psi",7
"gilbert_meta_79",2
"pmt_trzcinska_2023_finans",4
"csft_ye_2025",2
"spidersbat_grill2024",7
"teq_novak_2021_teq",5
"project_kids_wj_lwid_wave",2
"gilbert_meta_25",4
"gilbert_meta_35",4
"immer10_immer",3
"ips_vangsness_2019",5
"scoliosis_dueber",5
"enem_2015_1mil_mt",2
"rvkdcs_romiacg_miroshnik_2020_cbi",4
"humor_styles",5
"mechanical_turk_recognition",2
"gilbert_meta_49",2
"florida_twins_chaos",5
"dvivdtws_ppmial_marcatto_2023_snaq",5
"pirlsmissing_sirt",2
"alsecypiamh_wu_2022_pei",2
"tenseness_pcmrs",5
"wang_onlineriskexp_2025_negativeatt",4
"pisa2012_read",3
"heard_roch_2022_cope",4
"bfi_goldberg_1992_extraversion",5
"veterans_affairs_ssvf_survey_2018-20",5
"ipip_openpsychometrics_as",5
"wemwbs_brummerhoffman_2021",5
"offlinefriend_ofaq",5
"gilbert_meta_14",2
"mcmi_mokken",2
"gilbert_meta_43",2
"pppasbpnssedaisw_pedro_2022_panas",5
"dart_brysbaert_2020_3_4_5",2
"ffm_agr",5
"florida_twins_dbi",2
"cdm_timss11",2
"preschool_sel_akt",2
"florida_twins_nes",4
"hpwt_bayona_2025_jobperformance",5
"mechanical_turk_lexical",2
"wmd_bartczuk_2023",5
"fedsp_trzcinska_2023_monknow",2
"imos_1988",8
"abortion",2
"gcbs_brotherton_2013",6
"ftna_kasper_2022",5
"experimental_iq",2
"alsecypiamh_wu_2022_cps",5
"threatperceptions_isler_2024_experiment4_cognitive_crt",4
"sv-maia2_randelovic_2021_maia",6
"oxfordcovid_xue_2024_edeq",4
"mpsycho_lakes",7
"enem_2013_1mil_lc",2
"fisher_temperment",8
"imos_2009",8
"threatperceptions_isler_2024_experiment2_picture_crt",4
"gilbert_meta_88",2
"oxfordcovid_xue_2024_iusc",5
"enem_2014_1mil_mt",2
"emotion_pcmrs",5
"gilbert_meta_63",2
"project_kids_wj_ap",2
"bpaq_christopher_2024_ffmqsf",5
"gilbert_meta_40",2
"cpdmmc_kunnari_2020_hcd",7
"apfcompact_ptacek_2024_swls",7
"eurpar2_mudfold",2
"namprb_siwiak_2024_kon2066",2
"fims_tam",2
"gilbert_meta_12",2
"bps_boredom_bieleke2022",7
"teq_novak_2021_selfesteem",4
"k-pcq_huh_2022",7
"qaslu_prado_2024",5
"alsecypiamh_wu_2022_swemwbs",5
"feminist_perspectives",5
"gilbert_meta_27",2
"pppasbpnssedaisw_pedro_2022_npbe",5
"vocabulary_iq",2
"sexual_selfconcept",5
"wang_onlineriskexp_2025_interpersonalsecurity",2
"rightwing_authoritariansim",10
"enem_2021_1mil_cn",2
"gpt4mcq_young_2025",4
"pisa2022_math",3
"parc_balaji_2017",5
"promispme_forrest_2021_posaff_children",5
"ptam1_immer",6
"pppasbpnssedaisw_pedro_2022_ebsv",6
"offlinefriend_bigfive",5
"duolingo_es_en__listen",2
"imos_2012",8
"vei_brazillian_shiramizu_2018_ei",5
"gilbert_meta_93",2
"veterans_affairs_ssvf_survey_2016-17",5
"shu_2025_translation_pcd",9
"mental_health_malawi",6
"singh_2025_identity_pit",5
"pisa2000_science",3
"namprb_siwiak_2024_kop20",4
"enem_2014_1mil_ch",2
"mhscdc_fried_2020_anger",5
"pisa2018_science",3
"gilbert_meta_5",2
"genpsych_russell_2024_mixtral",5
"namprb_siwiak_2024_ssub",5
"bafacalo_golino_2013_cis",2
"idcr_martinez_2023_info",2
"singh_2025_identity_cse",5
"pisa2015_math",3
"ijls_eersel_2024_depression",4
"rosenberg_selfesteem",4
"mpsycho_wenchuan",5
"project_kids_wj_sa",2
"sabfi2_gallardo_pujol_2018_tight",5
"nas_rogoza_2024_study1",7
"gilbert_meta_89",2
"scs_suh_2023_siaps",5
"promis1wave1_pain",5
"bpaq_christopher_2024_bpaqsf",5
"promispme_forrest_2021_psych_proxy",5
"pisa2012_math",3
"florida_twins_tech",7
"florida_twins_auth",2
"fedsp_trzcinska_2023_pspcsa",4
"spelling_assessment_study2",2
"threatperceptions_isler_2024_experiment1_incentive_crt",4
"coach_chen_2022_hdrs",5
"facit_yount_2021_hadsx",4
"mpsycho_rmotivation",2
"mpsycho_avlancheprep",5
"rd_ppcvdos_padconacns_jinbo_2019_dos",4
"wmi_read_han",8
"enem_2021_1mil_ch",2
"preference_inventory",4
"gilbert_meta_38",2
"nerdy_personality",8
"dvivdtws_ppmial_marcatto_2023_cwb",5
"promis1wave1_haq",4
"gilbert_meta_98",6
"cbi_rodriguez_2021",4
"promispme_forrest_2021_strength_proxy",5
"florida_twins_panas",5
"gilbert_meta_52",2
"alsecypiamh_wu_2022_nei",2
"duolingo_en_es__listen",2
"teq_novak_2021_socdes",5
"pisa2022_read",3
"sabfi2_gallardo_pujol_2018_lot",5
"oxfordcovid_xue_2024_ua",6
"nsr-fc_youhasan_2021",5
"andrich_mudfold",2
"5personalityfactors",7
"brain_hemisphere",5
"enem_2017_1mil_cn",2
"aslec_insomnia_wang2025",5
"rd_eppscqrk_kipkemoi_2024_scq",2
"florida_twins_grit",5
"gilbert_meta_50",2
"rlms_mlcirtwithin",5
"sat12_wilson_2003",5
"ucla_brummerhoffman_2021",3
"promispme_forrest_2021_family_proxy",5
"een_lacey_2024_children",6
"rvkdcs_romiacg_miroshnik_2020_kdocs",5
"gilbert_meta_8",2
"threatperceptions_isler_2024_experiment1_cognitive_crt",4
"gilbert_meta_51",2
"gilbert_meta_58",2
"mturkddm_y25",2
"graphmapping_study1",2
"iat_difference",7
"autonomysupport_mokken",5
"alsecypiamh_wu_2022_pil",7
"offlinefriend_dospert",6
"wine_luckett2021",100
"bae_boredom_bieleke2022",7
"gilbert_meta_44",6
"imos_1998",8
"project_kids_wj_mf",2
"cv_oasis_odsis_ppe_novak_2020_dses",6
"sapa_personality",6
"gart_grolig_2020",2
"aa1_silvia_2023",5
"singh_2025_identity_pss",5
"cdm_ecpe",2
"alsecypiamh_wu_2022_mil",7
"ijls_eersel_2024_work",7
"enem_2014_1mil_lc",2
"cqtms_hur_2023",5
"ffm_csn",5
"klippel_irw",101
"hexaco_ashton_2014_h",7
"ijls_eersel_2024_ijlsreaction",5
"western_reserve_project",10
"enem_2021_1mil_mt",2
"ipip_openpsychometrics_do",5
"gilbert_meta_62",4
"sabfi2_gallardo_pujol_2018_bfi",5
"socialstereotype_hughes_2025_personality_self",5
"gilbert_meta_53",2
"mindfulness_assessment",5
"rvkdcs_romiacg_miroshnik_2020_bfi",5
"gps_vangsness_2019",5
"smoking_perseverance_mcneish_2025",5
"ijls_eersel_2024_optimism",5
"gad_brummerhoffman_2021",4
"hexaco_ashton_2014_x",7
"brand_raffaelli_2024_familiarity_24",7
"brand_raffaelli_2024_recognition_20",2
"enem_2016_1mil_mt",2
"os_tbmwtfs_schubert_2023_bmw3",5
"imos_2015",8
"imos_2004",8
"geiser_tam",2
"wirs",2
"imos_2016",8
"tma",2
"enem_2020_1mil_ch",2
"florida_twins_game",8
"gilbert_meta_21",2
"gilbert_meta_26",2
"sds",6
"gilbert_meta_92",4
"machivallianism_test_tipi",7
"coach_chen_2022_csq",5
"florida_twins_pals",5
"chexi_lin_2019",5
"enem_2016_1mil_cn",2
"ecps_sahm_2024_support",7
"fullscaleiq_vocab",9
"tpi_vangsness_2019",5
"project_kids_wj_ak_grade",2
"enem_2019_1mil_ch",2
"heard_roch_2022_whodas",5
"fivpei_perrig_2023_pens",7
"facit_yount_2021_clinic10",2
"hexaco_ashton_2014_o",7
"demos",2876
"een_lacey_2024_parent",6
"roar_lexical",2
"gilbert_meta_33",5
"promis1wave1_cesd",4
"motacademica_ribeiro_2019",7
"wooly_hartman2022",2
"ptci_chinese_zhan_2024",7
"pemaiw_qiu_2020_mlq",7
"ffm_ext",5
"imos_1984",8
"project_kids_wj_wa_wave",2
"cfc_balaji_2019",5
"cud_stone2024",8
"dd_rotation",2
"enem_2013_1mil_mt",2
"gilbert_meta_76",2
"ds14_mokken",6
"imos_2013",8
"florida_twins_cads",4
"polca_carcinoma",2
"evpromisi_stone_2021_global",11
"enem_2022_1mil_ch",2
"florida_twins_hwk",4
"machivallianism_test_vcl",2
"disgust_berger2014",5
"idcr_martinez_2023_vocab",2
"heard_roch_2022_swlpwi",11
"loc_fadplus_goto2021",7
"imos_1997",8
"aomt_br_sf_edpanab_geiger_2021_aot",5
"gilbert_meta_28",2
"florida_twins_behavior_ecs",5
"cv_oasis_odsis_ppe_novak_2020_rses",4
"gilbert_meta_87",2
"nas_rogoza_2024_study2_nas",7
"imos_2002",8
"project_kids_wj_pc_wave",2
"gilbert_meta_80",2
"pemaiw_qiu_2020_panas",5
"enem_2014_1mil_cn",2
"dvivdtws_ppmial_marcatto_2023_dtw",5
"enem_2016_1mil_lc",2
"enem_2022_1mil_mt",2
"protestant_workethic",8
"gilbert_meta_24",2
"nas_rogoza_2024_study2_nvs",7
"ptam_kretzschmar_2017_raven",2
"ptam_kretzschmar_2017_microfin",5
"bafacalo_golino_2013_fis",2
"gilbert_meta_59",5
"twod_rotation_mather2023",2
"gilbert_meta_42",8
"ptam_kretzschmar_2017_reasoning",2
"nas_rogoza_2024_study2_ngs",7
"gilbert_meta_19",2
"kfcovid_pss_li2020",5
"consideration_future_consequences",5
"vsocfp_sebo_2024",7
"promispme_forrest_2021_posaff_proxy",5
"ieswriting_molloy_2022",11
"gcbs_brotherton_2013_tipi",8
"cbq_huczewska2022",4
"papp_silva-martins2023",5
"oxfordcovid_xue_2024_pss",5
"dvivdtws_ppmial_marcatto_2023_ocb",5
"duolingo_en_es__reverse_tap",2
"mhscdc_fried_2020_ema",5
"gilbert_meta_46",2
"qol_islam_2025",5
"pisa2003_problem_solving",3
"ijls_eersel_2024_ius",5
"spqvs_barnby_2017_olife",2
"preschool_sel_dn",2
"fpas_silva_2022",5
"gilbert_meta_23",2
"promis1wave1_social",5
"janssen2_tam",2
"promispme_forrest_2021_ghglobal_proxy",6
"promispme_forrest_2021_psych_children",5
"imos_2008",8
"mpsycho_zareki",2
"project_kids_wj_pc_grade",2
"mgsisgclq_hollyhead_2018",5
"fivpei_perrig_2023_imi",7
"mturkddm_lexical",2
"project_kids_tosrec",2
"pepabas2c_kubicka_2024",7
"hexaco_ashton_2014_c",7
"mbft_anunciacao_2024",7
"psychtools_athenstaedt",7
"transreas_mokken",2
"pechorro_impulsivity_2021_bes",5
"shu_2025_translation_eib",9
"coach_chen_2022_iadl",5
"alsecypiamh_wu_2022_sdq",3
"florida_twins_friends",4
"kanjioahas_inoue_2024",2
"promis1wave1_anger",5
"rr98_accuracy",2
"cdm_timss07",2
"aps_vangsness_2019",5
"gilbert_meta_56",2
"enem_2019_1mil_mt",2
"bafacalo_golino_2013_bvps",2
"gilbert_meta_10",3
"coach_chen_2022_whoqol_bref",5
"immer09_immer",7
"imos_1990",8
"threatperceptions_isler_2024_experiment2_cognitive_panas",5
"enem_2020_1mil_lc",2
"oxfordcovid_xue_2024_phq",4
"ijls_eersel_2024_denialacceptance",4
"project_kids_wj_ak_wave",2
"oxfordcovid_xue_2024_pswq_c",4
"trees_sirt",2
"imos_2017",8
"artistic_preferences",8
"sabfi2_gallardo_pujol_2018_narq",5
"selfcompassionscale_shortform_fuochi_2025",5
"fh_okcsr_roos_2022_study1_feeling_heard",7
"aestheticfluency_cotter2023",3
"gilbert_meta_91",5
"paampsmartsud_saba_2023_ders",5
"florida_twins_dweck",6
"gilbert_meta_64",5
"gilbert_meta_66",4
"aip_vangsness_2019",5
"mpsycho_rogers",5
"project_kids_ctopp",2
"phq_brummerhoffman_2021",4
"gilbert_meta_36",2
"imos_1996",8
"gilbert_meta_84",5
"pass20_klosowska_2025_pass_hospital",6
"pemaiw_qiu_2020_bwss",5
"ecps_sahm_2024_emotion",7
"ecps_sahm_2024_ia",10
"imos_1999",8
"idcr_martinez_2023_lns",2
"ami_cv_hewitt2024",5
"project_kids_wj_lwid_grade",2
"gilbert_meta_70",2
"ecps_sahm_2024_trust",11
"qaslu_lopez_2024",5
"cpdmmc_kunnari_2020_pdp",2
"machivallianism_test_main",5
"gilbert_meta_4",4
"psychtools_bfi",6
"credentialform_lnirt",2
"aomt_br_sf_edpanab_geiger_2021_rf",6
"whodas_brummerhoffman_2021",5
"ilearnathome_regalado_2025",3
"art",2
"mpsycho_condom",4
"dmct_addis_2020_mct",2
"sv-maia2_randelovic_2021_shs",7
"imos_2006",8
"mhscdc_fried_2020_motivation",7
"sv-maia2_randelovic_2021_delta",5
"project_kids_wj_spell_grade",2
"stress_deboeck2012",2
"metacogmonitoring_double2025",6
"os_tbmwtfs_schubert_2023_smw",7
"ees_sarling_2024",5
"acl_mokken",5
"estcrm_selfeff",161
"nomt_hooper_2024_study2",2
"spanishmegastudy",2
"sabfi2_gallardo_pujol_2018_swb",7
"grit",5
"wang_onlineriskexp_2025",5
"cdm_pisa00r",3
"rrca_mcneish_2025_use",4
"imos_1992",8
"spqvs_barnby_2017_sias",5
"bscs_fadplus_goto2021",5
"gilbert_meta_72",2
"kfcovid_li2020",2
"project_kids_kbit",2
"florida_twins_class",5
"promispfue_2_0e_gershon_2019_promis",5
"project_kids_wj_wf",2
"idas_machado2024",5
"bpaq_christopher_2024_pcl5",5
"singh_2025_identity_grit",5
"mq_supremecourt",2
"project_kids_wj_pv_grade",2
"ccapsvtskhpacr_mercedes_2023_hada",4
"gilbert_meta_99",4
"perceived_injustice_mourin",5
"hpwt_bayona_2025_workcharacteristics",5
"ecps_sahm_2024_moral",7
"test_taking_patterns_over_time",3
"promispme_forrest_2021_ghglobal_children",6
"difnlr_msatb",2
"psychoneurotic_inventory",2
"spqvs_barnby_2017_senpq",5
"smacof_pvq40",6
"gilbert_meta_55",2
"pps_vangsness_2019",5
"hads_multilcirt",4
"ewas_sanford_2024_flourish",7
"enem_2020_1mil_cn",2
"namprb_siwiak_2024_bsr10",5
"gilbert_meta_18",2
"gilbert_meta_31",2
"florida_twins_read",4
"preschool_sel_htks",2
"florida_twins_media",4
"gilbert_meta_83",5
"shu_2025_translation_mcpis",5
"much_tte_2025_matrixreasoning",2
"mpsycho_bsss",5
"florida_twins_behavior_cadsyv",4
"grit_brummerhoffman_2021",5
"pisa2000_read",3
"gilbert_meta_15",2
"quantshort",2
"enem_2013_1mil_ch",2
"neurips_2022",2
"singh_2025_identity_gi",5
"pisa2003_math",3
"kfcovid_fear_li2020",5
"gilbert_meta_30",2
"fedsp_trzcinska_2023_prd",6
"alsecypiamh_wu_2022_empathy",5
"florida_twins_behavior_friends",4
"enem_2017_1mil_mt",2
"gilbert_meta_60",2
"american_multiracial_face",7
"eeedprm_bulut_2021",4
"imos_1991",8
"sabfi2_gallardo_pujol_2018_constru",9
"gilbert_meta_32",2
"oxfordcovid_xue_2024_rse",4
"fullscaleiq_memory",11
"fad_dataset1",5
"psychotools_mathexam",3
"imos_2005",8
"enem_2015_1mil_ch",2
"coach_chen_2022_treatmentstigma",2
"gilbert_meta_11",2
"dass_thiyagarajan2022",4
"number_pattern_game",2
"idcr_martinez_2023_matches",4
"alsecypiamh_wu_2022_phq",4
"oxfordcovid_xue_2024_swemws",5
"erf_breuer_2017_tai",4
"oxfordcovid_xue_2024_pswq_a",5
"namprb_siwiak_2024_neoffi",5
"qcdqes_oliveira_2022",4
"gilbert_meta_94",2
"mefsirodgas_nileksela_2023_severity",5
"spelling2pronounce_edwards2023",6
"gcbs_brotherton_2013_vcl",2
"pemaiw_qiu_2020_ffmq",5
"project_kids_wj_pv_wave",2
"threatperceptions_isler_2024_experiment3_cognitive_panas",5
"gilbert_meta_82",2
"mturkddm_by",2
"hexaco_ashton_2014_a",7
"gene_likert_aivelo_2020",5
"nas_rogoza_2024_study5_ngs",101
"florida_twins_behavior_cads",4
"sexual_compulsivity",4
"mhscdc_fried_2020_mindfullness",5
"pisa2018_read",3
"florida_twins_grades",6
"promispme_forrest_2021_physical_proxy",6
"gilbert_meta_29",2
"promispme_forrest_2021_mp_children",5
"ada_boredom_bieleke2022",7
"gilbert_meta_68",2
"boyd_prism_2024",5
"mpsycho_asti",4
"rd_ppcsedsof_afable_2023",3
"project_kids_wj_qc",2
"content_literacy_intervention_g1",4
"florida_twins_behavior_tas",4
"promis1wave1_depression",5
"ipip_openpsychometrics_ad",5
"rd_ppsl7as_ghasemy_2024_sl",5
"psychtools_geras",5
"bfi_goldberg_1992_conscientiousness",5
"det_naismith_2023",1152
"tears",101
"16_personalityfactors",5
"idcr_martinez_2023_story_recall_1",2
"g308_sirt",2
"gbjw_fadplus_goto2021",6
"imos_2010",8
"bfi_goldberg_1992_neuroticism",5
"gilbert_meta_100",2
"wang_onlineriskexp_2025_anxiety",4
"vei_brazillian_shiramizu_2018_iri",5
"sv-maia2_randelovic_2021_dass",4
"nature_relatedness",8
"heard_roch_2022_idss",5
"rrca_mcneish_2025_sen",4
"singh_2025_identity_pba",5
"gilbert_meta_75",2
"imos_2007",8
"deception_professors",83
"political_psychology",7
"namprb_siwiak_2024_desrpl",8
"enem_2018_1mil_mt",2
"imos_1986",8
"gilbert_meta_67",5
"faces_spanish_vegas_2022_faces",5
"mmf_solis_2020",5
"gilbert_meta_16",2
"joreskog_moustaki_2001",3
"namprb_siwiak_2024_aot",6
"erf_breuer_2017_frmfr",2
"paampsmartsud_saba_2023_pacs",7
"dmct_addis_2020_psiq",11
"hmcdm_spatialreasoning",2
"enem_2017_1mil_lc",2
"gilbert_meta_96",7
"enem_2017_1mil_ch",2
"introversion_extroversion",5
"riasec",8
"florida_twins_behavior_panas",5
"mentalrotation_wolf_2024",2
"estcrm_epia",111
"cv_oasis_odsis_ppe_novak_2020_bfi",5
"aappss_malpas_2019_scl",5
"gilbert_meta_85",7
"genpsych_russell_2024_gpt4o",5
"imos_1993",8
"nas_rogoza_2024_study5_nvs",101
"evpromisi_stone_2021_ddedanx",5
"imos_2003",8
"coach_chen_2022_phq9",4
"preschool_sel_wj",2
"isi_insomnia_wang2025",5
"pechorro_impulsivity_2021_iid",4
"gilbert_meta_54",4
"firstborn_personality",5
"threatperceptions_isler_2024_experiment1_incentive_panas",5
"psychtools_ability",2
"face_memory_test",5
"paampsmartsud_saba_2023_amps",5
"psr-p_scale_intimacy_hakim_2018_study3",7
"psiq_woelk2022",11
"pisa2006_science",4
"promis_brummerhoffman_2021",5
"gilbert_meta_57",4
"ups_vangsness_2019",5
"mhscdc_fried_2020_ps",5
"apfcompact_ptacek_2024_aaq_ii",7
"spelling_assessment_study1",2
"florida_twins_sch",4
"enem_2018_1mil_cn",2
"nas_rogoza_2024_study5_nas",101
"promis1wave1_anxiety",5
"qadt_kleka_2023",2
"immer12_immer",29
"ccapsvtskhpacr_mercedes_2023_beck",4
"os_tbmwtfs_schubert_2023_cerq",7
"rvobgvmaas_lsf_lehing_2024",5
"imos_2014",8
"florida_twins_leq",4
"sabfi2_gallardo_pujol_2018_micro",4
"mpsycho_learnemo",3
"naep_multilcirt",2
"psychtools_msq",4
"scs_suh_2023_scs",7
"promispme_forrest_2021_mp_proxy",5
"pisa2009_math",3
"motion",2
"pisa2018_gc",3
"preschool_sel_pl",2
"ijls_eersel_2024_icecap",4
"oxfordcovid_xue_2024_mh",2
"duolingo_en_es__reverse_translate",2
"mbps_vangsness_2019",5
"facit_yount_2021_crqsasx",7
"figure_skating",1103
"idcr_martinez_2023_ravens",2
"psychotools_conspiracist",5
"beh_boredom_bieleke2022",6
"audit_brummerhoffman_2021",5
"gilbert_meta_39",2
"narqing",6
"lshs-e_quidaja_2022",5
"much_tte_2025_actionorientation",2
"depression_anxiety_stress",8
"ecps_sahm_2024_vaccine",7
"mhscdc_fried_2020_tired",4
"anxiety_lordif",5
"famous_melodies",9
"cdm_mentalhealth_tan_2023_bsi",5
"enem_2015_1mil_lc",2
"evpromisi_stone_2021_ddpainin",5
"sabfi2_gallardo_pujol_2018_trust",5
"icar_sapa",2
"ffm_est",5
"ellipse_corssley_2024",6
